Chinese,part,English
一（个、件……）,art.,a(an)
能力；才能,n.,ability
有一点儿,,a bit (of)
能够；有能力的,a.,able
大约；到处；四处,ad.,about
关于；在各处；四处,prep.,about
在……上面,prep.,above
首先，首要,,above all
到（在）国外,ad.,abroad
缺席；不在,a.,absent
口音；音调,n.,accent
接受,vt.,accept
事故，意外的事,n.,accident
痛；疼痛,vi./ n.,ache
根据,prep.,according to 
达到；取得,vt.,achieve
横过；穿过,prep,across
法令；条例,n. ,act
表演，扮演（角色）；演出，行动,v.,act
行动,n.,action
积极的，主动的,a.,active
活动,n.,activity
男演员；行动者，参与者,n.,actor
女演员,n.,actress
实际的，真实的,a.,actual
增添；增加,vt.,add
地址,n.,address
赞赏，敬佩,vt.,admire
成人,n.,adult
优点；好处,n.,advantage
宣传，做广告,v.,advertise
广告,n.,advertisement
忠告；劝告；建议,n.,advice
忠告；劝告；建议,vet.,advise
负担的起（……的费用）；抽的出（时间）；提供,vt.,afford
一些；少量；几个,,a few
害怕的；担心的,a.,afraid
非洲；非洲的,n./adj.,Africa
非洲的;非洲人的;（非洲）黑人的;来自非洲的,adj.,African
非洲人,n.,African
在后；后来,ad.,after
在……之后；在……后面,prep.,after
在……以后,conj.,after
毕竟，终究,,after all
课后,,after class 
下午，午后,n.,afternoon
再一次；再，又,ad.,again
反复地；再三地,,again and again
对着，反对,prep.,against
年龄；时代,n.,age
以前,ad.,ago
同意；应允,v.,agree
同意；一致；协定,n.,agreement
同意做某事,,agree to do sth
同意某人的看法，与某人看法一致,,agree with sb
空气；大气,n.,air
航空公司,n.,airline
(美)飞机,n.,airplane
航空站，飞机场,n.,airport
一类；一种,,a kind of
活着的，存在的,a.,alive
一些，少量，几个,,a little
全部地,ad.,all
全(部)；所有的；总；整,a.,all
全部；全体成员,pron.,all
各种各样的,,all kinds of
到处，遍及，结束,,all over
好了，行吧，病好了,,all right
允许，准允,vt.,allow
几乎，差不多,ad.,almost
单独的，孤独的,a.,alone
向前；和…..在一起；一同,ad.,along
沿着；顺着,prep.,along
许多,,a lot of
大声地,ad.,aloud
已经,ad.,already
也,ad.,also
虽然；尽管,conj.,although
总是；一直；永远,ad.,always
美国；美洲,n.,America
美国人；美国人的,a.,American
美国人,n.,American
在…中间；在(三个以上)之间,prep.,among
古代的;古老的,a.,ancient
和；又；而,conj.,and
生气的，愤怒的,a.,angry
动物,n.,animal
再一；另一；别的；不同的,a.,another
另一个,pron.,another
一些，许多,,a number of
回答，答复；回信；答案,n.,answer
回答，答复；回信(作出)答案,v.,answer
蚂蚁,n.,ant
（无论）哪一个；那些,pron.,any
任何的；（用于疑问句、否定句）一些；什么,a.,any
任何人，无论谁,pron.,anybody
任何人，无论谁,pron.,anyone
什么事/物；任何事/物,pron.,anything
不管怎样,ad.,anyway
任何地方,ad.,anywhere
一双，一副,,a pair of
出现,vi.,appear
一（块，张，片，件）,,a piece of
苹果,n.,apple
四月,n.,April
面积；地域；区域；范围；领域,n.,area
主张；争论；劝告，说服；证明,v.,argue
臂，支架,n.,arm
军队,n.,army
在周围；在附近,ad.,around
在……周围；大约,prep.,around
到达；达到,vi.,arrive
到达某地,,arrive at(in) a place
艺术，美术；技艺,n.,art
文章；东西；冠词,n.,article
艺术家，画家,n.,artist
像……一样；如同；因为；作为，当作,ad.&conj,as
（作为）结果,,as a result
(表示程度，范围)就......尽......,,as far as
好像，仿佛,,as if
亚洲,n.,Asia
亚洲的；亚洲人的；亚洲人,a./n.,Asian
"问,询问；请求，要求；邀请",v.,ask
睡着的，熟睡,a.,asleep
只要,,as long as
一......就,,as soon as
通常，平常地,,as usual
除...之外（也）,,as well as
也，又,,as well
像，如同,,as...as...
在（几点钟）；在（某处）,prep.,at
大西洋（的）,n. & a. ,Atlantic
参加，出席；被动语态表伴随；照顾,v.,attend
关心；注意,n.,attention
八月,n.,August
态度，看法；姿势,n.,attitude
吸引,v.,attract
伯母；舅母；审；姑；姨,n.,aunt
澳洲；澳大利亚,n.,Australia
澳洲的；澳大利亚的,a.,Australian
澳大利亚人,n.,Australian
秋天，秋季,n.,autumn
有用的；有效的,a.,available
避免；躲开；逃避,v.,avoid
唤醒；醒着的,v.,awake(awoke；awoken)
离开；远离,ad.,away
糟糕的; 可怕的; 非常的;,ad.&a.,awful
婴儿,n.,baby
回（原处）；向后,ad.,back
后面的,a.,back
背后；后部；背,n.,back
背景,n.,background
坏的；有害的；不利的；严重的,a.,"bad (worse, worst)"
书包；提包；袋子,n. ,bag
平衡;使平衡,n.&v.,balance
球,n. ,ball
气球,n. ,balloon
竹子,n.,bamboo
香蕉,n.,banana
（河、海、湖的）岸，堤；银行,n.,bank
棒球,n.,baseball
基本的,a.,basic
篮子,n.,basket
篮球,n.,basketball
浴室,n.,bathroom
"是（原形），其人称和时态形式有am,is,are,was,were,being, been成为",v.,be
"为....而感到骄傲,自豪",,be proud of
对...严格要求,,be strict with
海滨，海滩,n.,beach
豆,n.,bean
熊,n.,bear
忍受，具有，支撑，生孩子,v.,"bear(bore, born)"
敲打；跳动；打赢,v.,"beat(beat, beaten)"
（音乐）节拍,n.,beat
美的，美丽的，美观的,a.,beautiful
因为,conj.,because
变得；成为,v.,"become(became, become)"
床,n.,bed
寝室，卧室,n.,bedroom
蜜蜂,n.,bee
牛肉,n.,beef
在……以前；在……前面,prep.,before
以前,ad.,before
在…..之前,conj.,before
开始，着手,v.,"begin(began, begun)"
表现,v.,behave
行为，举止,n.,behaviour
(表示位置)在……后面,prep.,behind
在后面；向后,ad.,behind
相信；认为,v.,believe
钟，铃；钟（铃）声；钟形物,n.,bell
属于；适应,v.,belong
属于,,belong to
在……下面,prep.,below
好处，益处；使受益,v.&n.,benefit
在…..旁边；靠近,prep.,beside
除……以外（还有）,prep.,besides
还有，此外,ad.,besides
最好的，最出色的；最高标准的,ad.,best（good和well的最高级）
最好的，最愉快的，最合适的,a.,best
佼佼者,n.,the best
更好的，较好的,ad.,better（good和well的比较级）
更好的，更合适的,a.,better
更合适者,n.,better
在（两者）之间，在……中间,prep.,between
（表示位置）在……的那边；超过；越过,prep.,beyond
大的,a.,big
自行车,n.,bike=bicycle
帐单；法案，议案；（美）钞票，纸币,n.,bill
鸟,n.,bird
出生；诞生,n.,birth
生日,n.,birthday
饼干,n.,biscuit
一点，一些，少量,n.,bit
有苦味的；痛苦的；难过的；严酷的,a.,bitter
黑色,n.,black
黑色的,a.,black
黑板,n.,blackboard
瞎的,n.,blind
阻碍；街区,n.,block
阻止,v.,block
血，血液,n.,blood
女式衬衫；上衣,n.,blouse
吹；刮风；吹气,v.,"blow(blew, blown)"
蓝色,a.,blue
木板；布告牌；委员会；（政府的）部；伙食,n.,board
小船，小舟,n.,boat
身体,n.,body
书；本子,n.,book
预定，定（房间/车票等）,v.,book
烦闷的；厌烦的,a.,bored
乏味的；无聊的,a.,boring
出生,a.,born
（向别人）借用；借,v.,borrow
领班；老板,n.,boss
两；双,a.,both
两者；双方,pron.,both
两者都，既......又.......,,both....and
瓶子,n.,bottle 
底部；底,n.,bottom
碗,n.,bowl
盒子，箱子,n.,box
男孩,n.,boy
脑子,n.,brain
勇敢的,a.,brave
面包；食物，粮食；生计,n.,bread
打破（断、碎）；损坏，撕开,v,"break(broke, broken)"
损坏，（把化合物）分解；（汽车）抛锚,,break down
闯入，强行进入；插嘴，打断,,break in
（战争，火灾等）突然发生，爆发,,break out
早餐,n.,breakfast
气息；呼吸,n.,breath
呼吸,vi.,breathe
桥,n..,bridge
明亮的；聪明的,a.,bright
拿来，带来，取来,vt.,"bring(brought, brought)"
教育，培养,,bring up
英国,n.,Britain
英国人，英国人的，英国的,ad.&a.,British
兄；弟,n.,brother
褐色，棕色,n.,brown
褐色的，棕色的,a.,brown
刷；擦,v.,brush
刷子,n.,brush
建筑；造,v.,"build(built, built)"
逐步建立,,build up
建筑物；房屋；大楼,n.,building
燃，烧；着火；使烧焦；使晒黑,v.,"burn(-ed,ed/burnt,burnt)"
公共汽车,n.,bus
（本分）工作；职业；生意；交易；事业,n.,business
忙（碌）的,a.,busy
但是；可是,conj.,but
除了；除…之外,Prep.,but
黄油；奶油,n.,butter
蝴蝶,n.,butterfly
买,vt.,"buy(bought, bought)"
靠近；在…旁边；在…时间；不迟于；被；用；由；乘（车）,prep.,by
偶然,,by accident
乘飞机（公交车，火车，轮船）,,"by air(bus,train,ship)"
日间，在白天,,by day
顺便说；顺便问一下,,by the way
再见,int.,bye
卷心菜；洋白菜,n.,cabbage
蛋糕；糕点；饼,n.,cake
日历,n.,calendar
喊；叫；电话，通话,n.,call
称呼；呼唤；喊；叫,v.,call
召集，召来,,call in
拜访,,call on
号召，打电话,,call up
骆驼,n.,camel
照相机；摄象机,n.,camera
（夏令）营,n.,camp
能够；可以；会,modal v.,"can (could,-) (can’t/cannot)"
加拿大,n.,Canada
加拿大人，加拿大人的，加拿大的,adj./n.,Canadian
取消,v.,cancel
蜡烛,n.,candle
癌,n.,cancer
糖果,n.,candy
（无檐的或前面有檐的）帽子；（瓶）盖；（钢笔）笔套,n.,cap
首都；省会；大写；资本,n.,capital
（海军）上校；船长；舰长；队长,n.,captain
汽车；小卧车,n.,car
卡片；名片；纸牌,n.,card
照料；保护；小心,n.,care
介意…；在乎；关心,v.,care
喜欢，照顾（病人）,,care for 
小心的;仔细的;谨慎的,a.,careful
粗心的；漫不经心的,a.,careless
胡萝卜,   n.,carrot
拿；搬；带；提；抬；背；抱；运等,vt.,carry
继续下去，继续开展,,carry on 
执行,,carry out  
动画片,   n.,cartoon
猫,n.,cat
接住；捉住；赶上；染上（疾病）,v.,"catch(caught, caught)"
赶上（或超过）,,catch up with 
原因；起因,   n.,cause
促使；引起；使发生,   vt.,cause
天花板；顶棚,   n.,ceiling
庆祝,v.,celebrate
美分(100 cents=1 dollar),n.,cent
中心的，主要的,   a.,central
中心，中央,n.,centre (美center)
世纪，百年,n.,century
确定的，无疑的；一定会……,   a.,certain
当然,  ad.,certainly
椅子,n.,chair
主席；会长；议长,n.,chairman/
,,chairwoman
粉笔,n.,chalk
挑战,   n.,challenge
机会，可能性,n.,chance
零钱；找头．改变，变化；更换；兑换,n. v.,change
转换成，把……变成,,change into 
品质，性格，角色，特性,   n.,character
咏唱；歌颂;,vt.,chant
颂歌；曲子,n.,chant
便宜的，贱,a.,cheap
骗取，哄骗；作弊,v.,cheat
检查；批改;,n.,check
校对，核对；检查；批改,vt.,check
报到，登记,,check in 
查明，结账,,check out 
欢呼；喝彩,n.&vi.,cheer
奶酪,n.,cheese
化学,n.,chemistry
棋,n.,chess
箱子；盒子；胸部,n.,chest
鸡；鸡肉,n.,chicken
孩子，儿童,n.,child (pl.children)
中国,n.,China
中国的；中国人的；中国话的，汉语的;,a.,Chinese
中国人；中国话，汉语，中文,n.,Chinese
巧克力,n.,chocolate
选择；抉择,n.,choice
选择,vt.,choose
,,"(chose, chosen)"
筷子,n.,chopsticks
圣诞节(12月25),n.,Christmas
教堂；教会,n.,church
电影院；电影,n.,cinema
圆圈;,n.,circle
将……圈起来,vt.,circle
市，城市，都市,n.,city
拍手；鼓掌,vi.&n.,clap
(学校里的)班；年级；课,n.,class
同班同学,n.,classmate
教室,n.,classroom
弄干净，擦干净;,vt.,clean
清洁的，干净的,a.,clean
清晰的；明亮的；清楚的,a.,clear
整理，收拾，（天气）放晴,,clear up 
聪明的，伶俐的,a.,clever
爬，攀登,v.,climb
钟,n.,clock
关，关闭,vt.,close
衣服；各种衣物,n.,clothes
云；云状物；阴影,n.,cloud
多云的，阴天的,a.,cloudy
俱乐部,n.,club
教练；马车；长途车,n.,coach
煤；煤块,n.,coal
海岸；海滨,n.,coast
外套；涂层；表皮；皮毛,n.,coat
咖啡,n.,coffee
硬币,n.,coin
冷的，寒的;,a.,cold
寒冷；感冒，伤风,n.,cold
收集，搜集,vt.,collect
学院；专科学校,n.,college
颜色;,n.,colour (美color)
给……着色，涂色,vt.,colour 
来，来到,vi.,"come(came, come)"
（偶然）遇见（或发现）,,come across 
回来；想起来,,come back
落，下来,,come down 
出生（于），来自,,come from
进入，进来,,come in 
快;走吧;跟我来,,come on
出来；（书等）出版，发行,,come out 
共计，达到,,come to 
实现,,come true 
追上；赶上；想出（主意）；找出（答案）,,come up with
上来，上升，抬头,,come up 
舒服的；安逸的；舒服自在的,a.,comfortable
普通的，一般的；共有的,a.,common
交际；传达(感情信息等),v.,communicate
交际；交往；通讯,n.,communication
社区,   n.,community
公司,n.,company
比较；对比,vt.,compare
与……相比,,compare to 
与……相比,,compare with
比赛；竞赛,n.,competition
抱怨；投诉；埋怨；发牢骚,v.,complain
完成；结束a．完成的,vt.,complete
作文；作曲,n.,composition
电子计算机,n.,computer
音乐会；演奏会,n.,concert
条件；状况,n.,condition
（正式的）会议,n.,conference
自信的,   a.,confident
使困惑,   v.,confuse
祝贺,v.,congratulate
祝贺……,,congratulate …on 
连接；把…联系起来,vt.,connect
与……相连,,connect with 
考虑,vt.,consider
继续,vi.,continue
控制,vt.& n.,control
方便的,a.,convenient
谈话，交谈,n.,conversation
炊事员，厨师z，．烹调，做饭,n.,cook
炊具(锅、炉灶、烤炉等),n.,cooker
曲奇饼，饼干,n.,cookie
凉的，凉爽的；酷,a.,cool
抄本，副本；一本(份，册……) ,n.,copy
抄写；复印；(计算机用语)拷(备份盘),v.,copy
玉米，谷物,   n.,corn
角；角落；拐角,n.,corner
改正；纠正;,v.,correct
正确的，对的；恰当的,a.,correct
值(多少钱)；花费;,v.,"cost(cost, cost)"
价格,n.,cost
棉花;,n.,cotton
棉花的,a.,cotton
咳嗽,n.&vi.,cough
(can的过去式)可以；（表示许可或请求）可以…，行,modal v.,could
数，点数,vt.,count
国家；农村，乡下,n.,country
乡下，农村,n.,countryside
夫妇；一对,n.,couple
勇气；胆略,n.,courage
过程；经过；课程,n.,course
堂(表)兄弟，堂(表)姐妹,n.,cousin
盖子；罩．,n.,cover
覆盖，遮盖；掩盖,v.,cover
母牛，奶牛,n.,cow
蜡笔；蜡笔画,n.,crayon
疯狂的,a.,crazy
创造；造成,vt.,create
批评，评论,v.,criticize
十字形的东西;,n.,cross
越过；穿过,vt.,cross
生气地,a.,cross
拥挤的,v.,crowd
残酷的；无情的,a.,cruel
叫喊；哭声;,n.,cry
喊叫；哭,v.,cry
文化,n.,culture
茶杯,n.,cup
好奇的，古怪的,a.,curious
顾客,n.,customer
切，剪，削，割,v.,"cut(cut, cut)"
砍倒,,cut down 
切断,,cut off 
可爱的，迷人的,a.,cute
每日的；日常的,a.,daily
每天,ad.,daily
日报,n.,daily
跳舞,n.&vi.,dance
危险,n.,danger
危险的,a.,dangerous
敢；敢于,v.&aux.v,dare
黑暗；暗处；日暮;黑暗的；暗淡的；深色的, a.,dark
日期；约会,n.,date
女儿,n.,daughter
天; 日；白天,n.,day
日日夜夜,,day and night 
死的；无生命的,a.,dead
聋的,a.,deaf
量，数额；交易,v.,deal
处理，对付,,deal with 
亲爱的,a.,dear
死,n.,death
十二月,n.,December
决定；下决心,v.,decide
决定；决心,n.,decision
深的;,a.,deep
深；深厚, ad.,deep
程度；度数；学位,n.,degree
美味的，可口的,a.,delicious
"传递, 履行, 分发, 给予",v.,deliver
牙科医生,n.,dentist
依靠；依赖；指望；取决于,vi.,depend
"依靠,相信，信赖",,depend on（upon）
描写，叙述,vt.,describe
设计，构思,v.,design
设计，图案,n.,design
书桌，写字台,n.,desk
破坏，毁灭,v.,destroy
 (使)发展；(使)发达；(使)发育；开发,v.,develop
冲洗(照片),vt.,develop
发展；发达；发育；开发,n.,development
对话,n.,dialogue (美dialog)
日记；日记簿,n.,diary
词典，字典,n.,dictionary
死,v.,die
消失，灭亡,,die out 
不同,n.,difference
不同的，有差异的,a.,different
与……不同,,different from 
难的；艰难的；不易相处的,a.,difficult
困难；费力,n.,difficulty
挖(洞、沟等)；掘,v.,"dig(dug, dug)"
吃饭,n.&v.,dining
正餐，宴会,n.,dinner
直接的；直达的；直截了当的,a.,direct
指挥；指导；监督；管理；指挥（演奏）；导演（电影）,vt.,direct
方向；方位,n.,direction
主任，主管，导演,n.,director
脏的,a.,dirty
失望的,a.,disappoint
发现,vt.,discover
发现,n.,discovery
讨论，议论,vt.,discuss
讨论，辩论,n.,discussion
病，疾病,n.,disease
盘，碟；盘装菜；盘形物,n.,dish
解散；解雇；遣散,vt.,dismiss
扰乱；打扰,vt.,disturb
分；划分,vt.,divide
把……分成……,,divide … into…
做，干(用以构成疑问句及否定句，第三人称单数现在时用does),v.&aux.v,"do(did, done)"
不做；不干,aux.v,don’t= do not
尽最大努力,,do one’s best
做打扫,,do some cleaning
买东西,,do some shopping
医生，大夫；博士,n.,doctor
狗,n.,dog
玩偶，玩具娃娃,n.,doll
元(美国、加拿大、澳大利亚等国货币单位),n.,dollar
门,n.,door
两倍的; 双的; 两个/双,a./n.,double
怀疑；疑惑,n.&vt.,doubt
沿着，沿……而下,prep.,down
向下,ad.,down
在楼下；到楼下,ad.,downstairs
十二个；一打,n.,dozen
绘画；绘制；拉，拖；提取(金钱),v.,"draw(drew, drawn)"
抽屉,n.,drawer
梦，梦想,n.&vt.,"dream(dreamt,dreamt/-ed, -ed)"
女服，连衣裙；(统指)服装；童装,n.,dress
穿衣；穿着,v.,dress
喝，饮;,v.,"drink(drank, drunk)"
饮料；喝酒,n.,drink
驾驶，开(车)；驱赶；,v.,"drive(drove, driven)"
街道，路,n.,drive
司机，驾驶员，,n.,driver
滴;,n.,drop
掉下;落下;投递;放弃,v.,drop
药；药物；毒品,n.,drug
鼓,n.,drum
使……干；弄干；擦干;,v.,dry
干的；干燥的,a.,dry
鸭子,n.,duck
饺子,n.,dumpling
在……期问；在……过程中,prep.,during
责任，义务,n.,duty
每人，每个，每件,a.&pron.,each
互相,,each other 
谋生,,earn one’s living  
渴望的; 热切的，热情洋溢的; 热心的; 急切,a.,eager
耳；耳朵；听觉; 穗,n.,ear
抽穗, v．,ear
早期的；早熟的,a.,early
提早；在初期,ad.,early
地球；地表；陆地；土地；土壤；尘事,n.,earth
地震；大动荡,n.,earthquake
东方；东风,n.,east
东方的；向东的；从东方来的,a.,east
向东方；在东方,,east
东方的；朝东的,a.,eastern
容易的；不费力的,a.,easy
吃,v.,"eat(ate, eaten)"
边缘,n.,edge
教育，培养,n.,education
影响；效果；作用,n.,effect
产生；达到目的,v.,effect
努力；艰难的尝试,n.,effort
蛋；卵,n.,egg
八,num.,eight
十八,num.,eighteen
第八,num.,eighth
八十,num.,eighty
两方任一方的；二者之一;二者之一；要么……,a.,either
或者……或者……,,either… or…
长者；前辈,a.,elder
电子的,a.,electronic
电的,a.,electric
象,n.,elephant
十一,num.,eleven
别的，其他的,ad.,else
电子邮件,n.,email
发电子邮件,v.,email
情感，感情; 情绪; 感动，激动; ,n.,emotion
空的,a.,empty
使失去；使…成为空的; 成为空的；流空,v.,empty
鼓励,vt.,encourage
末尾；终点；结束,n.,end
结束，终止,v.,end
敌人；敌军,n.,enemy
精力；能量,n.,energy
工程师；技师,n.,engineer
英格兰,n.,England
英国的；英国人的；英语的,a.,English
英语,n.,English
欣赏；享受……之乐趣；喜欢,vt.,enjoy
过得愉快,,enjoy oneself 
足够的；充分的,a.,enough
足够地；充分地,ad.,enough
进入,vt.,enter
环境,n.,environment
橡皮擦；黑板擦,n.,eraser
特别，尤其,ad.,especially
欧洲,n.,Europe
欧洲的；欧洲人的,a.&n.,European
甚至，连(……都)；更,ad.,even
即使，尽管,,even if 
即使，尽管,,even though 
傍晚，晚上,n.,evening
事件; 活动，经历; 结果; 运动项目; ,n.,event
曾经；无论何时,ad.,ever
每一，每个的,ad.,every
每人，人人,pron.,everybody
每日的；日常的,a.,everyday
每人；人人,pron.,everyone
每件事，事事,pron.,everything
到处,ad.,everywhere
精确地;确切地; 完全地,ad.,exactly
考试，测试；检查；审查,n.,exam
检查；诊察,vt.,examine
例子；榜样,n.,example
极好的；优秀的,a.,excellent
除……之外,prep.,except
使兴奋，使激动,vt.,excite
兴奋的，激动的;,a.,excited
使兴奋,v.,excited
使人兴奋的，令人激动的; 刺激,a. v.,exciting
借口；辩解,n.,excuse
原谅；宽恕,vt.,excuse
"锻炼, 做操; 练习, 习题",n.,exercise
锻炼,vi.,exercise
预料；盼望,vt.,expect
昂贵的,a.,expensive
经验；经历,n.,experience
实验,n.,experiment
解释；说明,vt.,explain
表达；表示,vt.,express
眼睛,n.,eye
脸;,n.,face
面向；面对,vt.,face
面对面,,face to face 
事实，现实,n.,fact
工厂,n.,factory
失败；不及格；衰退,v.,fail
公平的；合理的,a.,fair
落下；降落；倒,vi.,"fall(fell, fallen)"
入睡,,fall asleep 
患病，病倒,,fall ill 
家庭,n.,family
著名的,a.,famous
风扇；影迷；球迷,n.,fan
（口语）极好的；很棒的；美妙的,a.,fantastic
远的；远地,a.&ad.,"far(father,farthest;further,furthest)"
(离)遥远,,far away (from)
远离,,far from 
农场；农庄,n.,farm
农民,n.,farmer
快的，迅速的；紧密的,a.,fast
快地，迅速地；紧密地,ad.,fast
脂肪,n.,fat
胖的；肥的,a.,fat
父亲,n.,father (dad)
喜爱的,a.,favourite
特别喜爱的人(或物),n.,(美favorite)
害怕；恐惧；担忧,n.,fear
二月,n.,February
喂(养)；饲(养),vt.,"feed(fed, fed)"
感觉，觉得；摸，触,link.v,"feel(felt, felt)"
想要……；感觉要……,,feel like doing  
感情；感觉,n.,feeling
节日的，喜庆的,n.,festival
（去）取（物）来,vt.,fetch
发烧；发热,n.,fever
不多/少数(的),pron.,few
田地；牧场；场地,n.,field
十五,num.,fifteen
第五,num.,fifth
五十,num.,fifty
打仗；打架；争论,v.&n.,"fight(fought,fought)"
填空，装满,vt.,fill
填充,,fill in 
用……填充,,fill … with … 
电影；影片；胶卷,num.,film
最后的；终极的,a.,final
最后，终于; 总算;结果; ,ad.,finally
找到，发现，感到,vt.,"find(found, found)"
找出;查明;了解,,find out 
细小的；晴朗的；美好的；(身体)健康的,a.,fine
手指,n.,finger
结束；做完,v.,finish
火；火炉；火灾；解雇,n.,fire
第一,num.,first
第一；首次；最初,a.&ad.,first
首先,,first of all 
鱼；鱼肉,n.,fish
渔民；钓鱼健身者,n.,fisherman
健康的，适合的,a.,fit
(使)适合，安装,v.,fit
五,num.,five
修理；安装；确定，决定,vt.,fix
旗；标志,n.,flag
楼中一套房间；公寓（常用pl）,n.,flat
地面，地板；(楼房的)层,n.,floor
花,n.,flower
流行性感冒,n.,flu
飞行；苍蝇,n.,fly
（鸟、飞机）飞；（人乘飞机）飞行；（旗子等）飘扬,vi.,"fly(flew, flown)"
空运（乘客，货物等）；放（风筝、飞机模型等）,vt.,fly
跟随；仿效；跟得上,vt.,follow
食物，食品,n.,food
足，脚；英尺,n.,foot (pl.feet)
(英式)足球；(美式)橄榄球,n.,football
"为了…;向…,往;与…交换;防备…;适合…;因为…;在…的期间;对于…;对…来说",prep.,for
永远,,for ever 
例如,,for example 
强迫;迫使,vt.,force
外国的,a.,foreign
外国人,n.,foreigner
森林,n.,forest
忘记；忘掉,v.,forget
,,"(forgot, forgotten)"
叉，餐叉,n.,fork
表格；形式；结构,n.,form
从今以后，今后,,from now on 
从那时起,,from then on
不时，偶尔,,from time to time
从……到……,,from … to…
四十,num.,forty
"将来,今后；向前,前进",ad.,forward
四,num.,four
十四,num.,fourteen
第四,num.,fourth
狐狸,n.,fox
法国,n.,France
自由的，空闲的；免费的,a.,free
结冰,vi.,"freeze(froze, frozen)"
法国的，法国人的;法语的; 法语; 法国人;,a. n.,French
新鲜的,a.,fresh
星期五,n.,Friday
冰箱,n.,fridge (=refrigerator)
朋友,n.,friend
友好的,a.,friendly
友谊，友情,n.,friendship
使惊恐，使恐慌; 吓走，赶走; ,vt.,frighten
害怕，惊恐; ,vi.,frighten
青蛙,n.,frog
从；从……起；来自,prep.,from
前面的；前部的；前面；前部,a.& n.,front
水果；果实,n.,fruit
满的，充满的；完全的,a.,full
有趣的事，娱乐，玩笑,n.,fun
有趣的，滑稽可笑的,a.,funny
（总称）家具,n.,furniture
将来,n.,future
游戏；运动；比赛,n.,game
花园，果园，菜园,n.,garden
大门,n.,gate
大体的；笼统的；总的,a.,general
绅士；先生,n.,gentleman
地理学,n.,geography
德国的; 德国人/语的; 德国文化的; ,a.,German  
德国人，德语; ,n.,German
德国,n.,Germany
姿势；手势,n.,gesture
成为；得到；具有；到达,vt.,"get(got, got)"
进展；与…….相处,,get along / on (with) 
逃离,,get away 
返回,,get back  
接近,,get close (to) 
降下,,get down 
进入，收获，达到,,get in 
脱下（衣服等），下车,,get off 
与……相处,,get on with sb. 
上车,,get on 
通过，拨通（电话）,,get through 
相聚；联欢,,get together
起床,,get up 
礼物；赠品,n.,gift
长颈鹿,n.,giraffe
女孩,n.,girl
给；递给；付出；给予,vt.,"give(gave, given)"
分发,,give away 
归还，送回,,give back 
屈服，让步,,give in 
分发,,give out 
放弃,,give up
高兴的；乐意的,a.,glad
玻璃杯；玻璃；(复)眼镜,n.,glass 
手套,n.,glove
胶水,n.,glue
去；走,vi.,"go (went, gone)"
走在前面，领先；干吧，干下去,,go ahead 
走开；离去,,go away 
走过，经过，过去,,go by 
（去）钓鱼 / （买东西，滑冰）,,go fishing(shopping/
,,skating)
散步,,go for a walk 
走开,,go off 
继续/不停干某事,,go on doing
继续,,go on with 
继续,,go on 
熄灭,,go out
复习;仔细地再读一遍,,go over
浏览；翻阅，通过,,go through 
山羊,n.,goat
神；（大写）上帝,n.,god
（足球）球门；目标,n.,goal
拱门；射门得分,vi.,goal
黄金,n.,gold
金的；黄金的,a.,goal
金（黄）色的,a.,golden
好；良好,a.,"good (better, best)"
再见；再会,int.,goodbye (bye)
鹅,n.,goose (pl.geese)
政府,n.,government
等级；(中小学的)学年；成绩，分数,n.,grade
逐步地，渐渐地; 按部就班地,ad.,gradually
语法,n.,grammar
（外）孙或孙女；孙辈,n.,grandchild
（外）孙女,n.,granddaughter
奶奶；外婆,n.,grandma
爷爷；外公,n.,grandpa=grandfather
祖父母；外祖父母,n.,grandparent
（外）孙子,n.,grandson
老奶奶；祖母；外婆,n.,granny
葡萄,n.,grape
草；草场；牧草,n.,grass
伟大的；重要的；好极了(口语)好极了，很好,a.,great
绿色的；青的,a.,green
绿色,n.,green
欢迎，迎接; 致敬，致意; 打招呼; （景象，声音等）映入眼帘; ,vt.,greet
祝贺；问候,n.,greeting
灰色的; 灰白的; ,a.,grey
使变成灰色; 使变老; ,vt.,grey
变成灰色; 老化; ,vi.,grey
灰色; ,n.,grey
地面,n.,ground
组，群,n.,group
生长/发育；种植；变成,v.,"grow(grew, grown)"
成年;长大成人,,grow up 
警戒；保护装置,n.,guard
猜,vi.,guess
客人；宾客,n.,guest
指南；向导；入门书,n.,guide
引导；带领；操纵,vt.,guide
担任向导,vi.,guide
吉他,n.,guitar
枪；炮,n.,gun
体操；体育馆；健身房,n.,gym =gymnasium 
习惯；习性,n.,habit
最好(不)做,,had better (not) do
头发,n.,hair
半，一半，半个,a.& n.,half
大堂；会堂；礼堂,n.,hall
火腿,n.,ham
汉堡包,n.,hamburger
手；指针,n.,hand
提交；传递,v.,hand
上交；缴纳,,hand in  
分发,,hand out
女用皮包；手提包,n.,handbag
英俊的,a.,handsome
书法,n.,handwriting
悬挂；吊着；把……吊起；绞死,v.,"hang(hung, ~/hanged,~)"
（打电话时）不挂断，等待片刻,,hang on
挂断电话,,hang up
 (偶然)发生,vi.,happen
幸福的；快乐的，高兴的,a.,happy
努力地；使劲；猛烈地,ad.,hard
硬的；困难的；艰难的,a.,hard
几乎不,ad.,hardly
对…有害的；能造成损害的；不利；不良,adj.,harmful
帽子(一般指有边的)；礼帽,n.,hat
恨，讨厌,vt & n..,hate
有；吃；喝；进行；经受,vt.,"have/has (had, had)"
患感冒,,have a cold
玩得高兴，过得愉快,,have a good time
上课,,have classes
玩得高兴,,have fun with
不得不；必须,,have to
他,pron.,he
头；头脑(像)；才智；首脑；源头；标题,n.,head
头痛；令人头痛的事,n.,headache
健康，卫生,n.,health
健康的；健壮的,a.,healthy
听见；听说，得知,v.,"hear(heard, heard)"
收到…的来信,,hear from
听说，知道,,hear of
心，心脏；纸牌中的红桃,n.,heart
热,n.,heat
天；天空,n.,heaven
重的,a.,heavy
高；高度；海拔,n.,height
喂；你好(用于打招呼、问候),int.,hello (hi)
帮助，帮忙,n.&vt.,help
请随便吃点,,help oneself to sth.
帮助某人做某事,,help sb. with sth.
帮助某人解决困难,,help…out
有帮助的，有益的,a.,helpful
母鸡,n.,hen
她(宾格)，她的,pron.,her
她的,pron.,hers
这里，在这里；向这里,ad.,here
英雄；勇士,n.,hero (pl. heroes)
她自己,pron.,herself
把……藏起来；隐藏,v.,"hide(hid, hidden)"
高的；高度的,a.,high
小山；丘陵；土堆；斜坡,n.,hill
他(宾格),pron.,him
他自己,pron.,himself
他的,pron.,his
历史，历史学,n.,history
打，撞，击中,vt.,"hit(hit, hit)"
业余爱好；奢好,n.,hobby
拿；抱；握住；举行；进行,vt.,"hold(held, held)"
等一等（别挂电话）,,hold on
不出气，屏住呼吸,,hold one's breath
洞，孔；洞穴，穴；缺陷；<口>绝境,n. ,hole
凿洞；（高尔夫球等）进洞,vt.& vi.,hole
假日；假期,n.,holiday
家；家；回家,n.&ad.,home
故乡,n.,hometown
家庭作业,n.,homework
诚实的；正直的,a.,honest
荣誉；敬意,n.,honour (美honor)
尊敬；给以荣誉,vt.,honour (美honor)
希望,n.&v.,hope
马,n.,horse
医院,n.,hospital
热的,a.,hot
旅馆，饭店，宾馆,n.,hotel
小时,n.,hour
房子；住宅,n.,house 
家务劳动,n.,housework
怎样，如何；多少；多么,ad.,how
可是；然而；尽管如此    ’,ad.&conj,however
巨大的，庞大的,a.,huge
人的，人类的,a.,human
人类,n.,human
幽默的,a.,humorous
百,num.,hundred
几百，成百上千,,hundreds of
(饥)饿的,a.,hungry
赶快，急忙,vi.,hurry
赶快，快点,,hurry up
伤害，受伤；伤人感情,vt.,"hurt(hurt, hurt)"
丈夫,n.,husband
我,pron.,I 
冰,n.,ice
冰淇淋,n.,ice-cream
主意，意见，打算，想法,n.,idea
如果，假使；是否，是不是,conj,if
有病的；不健康的,a.,ill
疾病,n.,illness
想象；设想,vt.,imagine
立即的；直接的，最接近的；目前的，当前的；直觉的,adj.,immediate
立即,ad.,immediately
重要的,a.,important
不可能的，做不到的，不会有的，不能相信的,adj.,impossible
改进，更新,vt.,improve
在……里(内)；在……；以……,prep.,in
英寸,n.,inch
包含；包括,vt.,include
增加；繁殖,v.& n.,increase
印度,n.,India
(美洲)印地安人的；印度人的,a.,Indian
印地安人；印度人,n.,Indian
工业,n.,industry
推断；猜想，推理；暗示；意指作出推论,vt. vi. ,infer
影响,n.&v.,influence
信息,n.,information
墨水；油墨,n.,ink
在……里面,prep.,inside
坚持；坚持认为,vi.,insist
代替，顶替,ad.,instead
说明，须知；教导,n.,instruction
意图；目的,n.,intention
仪器；手段，工具；乐器；法律文件,n. ,instrument
用仪器装备；为演奏谱曲；向…提交文书,vt.,instrument
兴趣，趣味；利息,n.,interest
有趣的,a.,interesting
国际的,a.,international
互联网；因特网,n.,Internet
打断（别人的话等）；阻止；截断,vt.& vi.,interrupt
暂停；中断；打扰；妨碍,vt.,interrupt
打断,vi.,interrupt
中断；暂停,n.,interrupt
采访；会见；面试,n.&vt.,interview
到……里；向内；变成,prep.,into
介绍,vt.,introduce
介绍；引进,n.,introduction
发明；创造,vt.,invent
发明，创造,n.,invention
邀请，招待,vt.,invite
包含；使参与，牵涉；围绕，缠绕；使专心于,vt.,involve
（不可数名词）铁；熨斗,n.,iron 
熨烫,vt.,iron 
岛,n.,island
它,pron,it
它的,pron,its
它自己,pron,itself
匆忙，很快地,,in a hurry
简言之，总之,,in a word
总之,,in all
共同，共有,,in common
处在危险状态,,in danger
事实上，实际上,,in fact
在…前面,,in front of
需要，缺少,,in need of
为了,,in order that
为了,,in order to/so as to
按顺序,,in order
换句话说,,in other words
安静，宁静,,in peace
当众；公开,,in public
吃惊，惊讶,,in surprise
最后，终于,,in the end  
及时，来得及,,in time
代替，而不是,,instead of
短上衣，夹克衫,n.,jacket
一月,n.,January
日本,n.,Japan
日本的，日本人的，日语的n．日本人，日语,a.,Japanese
牛仔裤,n. ,jeans
(一份)工作,n.,job
参加，加入；连接；会合,v.,join
参加，加入,,join in/take part in
笑话,n.,joke
旅行，旅程行期；历程，过程,n. ,journey
旅行，出游,vi.,journey
在…旅行或旅行到过… ,vt.,journey
欢乐；高兴；乐趣,n.,joy
审判，评判；断定,vt.& vi. vt. ,judge
估计；评价；（尤指）批评；想，认为,n.,judge
法官；裁判员；评判员；鉴定人,,judge
汁；液,n.,juice
七月,n.,July
跳跃；惊起；猛扑,v.,jump
六月,n.,June
刚才；恰好；不过；仅,ad.,just
公正的,a.,just
现在，刚才,,just now
保持；保存；继续不断,v.,"keep(kept, kept)"
继续做某事,,keep doing sth.
勿踏，勿踩,,keep off
继续（进行）,,keep on
守信,,keep one's word
保持；维持；继续,,keep up
钥匙；答案；键；关键,n.,key
键盘,n.,keyboard
踢,v.&n.,kick
小孩,n.,kid
杀死，弄死,v.,kill
千克；千米,n.,kilo=kilogram
千米(公里),n.,kilometer
,,(美kilometre)
种；类别,n.,kind
善良的；友好的,a.,kind
国王,n.,king
吻；亲吻,n.&vt,kiss
厨房,n.,kitchen
风筝,n.,kite
膝盖,n.,knee
小刀；匕首；刀片,n.,knife（pl.knives）
敲；打；击,v.& n.,knock
敲,,knock at/on
撞上,,knock into sb.
知道，了解；认识；懂得,v.,"know(knew, known)"
知识，学问,n.,knowledge
实验室,n.,lab=laboratory
劳动,n.,labour(美labor)
女士，夫人,n.,lady
湖,n.,lake
羔羊,n.,lamb
灯；灯油,n.,lamp
陆地；土地,n.,land
登岸(陆)；降落,v.,land
语言,n.,language
大的，巨大的,a.,large
最近刚过去的；最后的；上一个,a.,last
持续,vt.,last
晚的，迟的,a.,late
晚地，迟地,ad.,late
较晚地；以后，过后；后来；随后,adv. ,later
后来的；以后的；接近末期的；晚年的,adj.,later
笑，大笑；嘲笑,n.,laugh
嘲笑,,laugh at
法律；法令；定律,n.,law
放；搁,vt.,"lay (laid, laid)"
懒的,a.,lazy
领导；带领,vt.,"lead (led, led)"
导致，导向,,lead to
领袖；领导人,n.,leader
 (树，菜)叶,n.,leaf（pl. leaves）
学，学习，学会,vt.,learn
,,"learnt,learnt/-ed,-ed"
最少，最少量,n.,least
离开；把……留下，剩下,v.,"leave(left, left)"
左边的,a.,left
左；左边,n.,left
腿；腿脚；支柱,n.,leg
柠檬；柠檬树；柠檬黄,n. ,lemon
柠檬色的,adj.,lemon
柠檬水,n.,lemonade
借(出)，把……借给,vt.,"lend(lent, lent)"
较少的（little的比较级）；较小的；较次的，较劣的；较不重要的,adj. ,less
较少地，较小地,,less
减去；少掉；不足,,less
较少，较小,adv. n. ,less
课；功课；教训,n.,lesson
让,vt.,"let(let, let)"
让…进来，放进,,let in
放掉，泄露,,let out
信；字母,n.,letter
水平线；水平,n.,level
图书馆，图书室,n.,library
执照；许可证,n.,license
躺；卧；平放；位于,v.,"lie(lay, lain)"
谎言,n.,lie
说谎,vi.,lie
生命；生涯；生活；人生；生物,n.,"life (pl,lives)"
举起；抬起；(云、烟等)消散,v.,lift
点(火)，点燃,vt.,"light(lit,lit/lighted,lighted)"
光，光亮；灯，灯光,n.,light
明亮的；轻的；浅色的,a.,light
像；跟……一样,prep.,like
喜欢；喜爱,vt.,like
限制；限量，限度；界限,n. vt. ,limit
绳索，线，排，行，线路,n.,line
狮子,n.,lion
一览表，清单,n.,list
听，仔细听,vi.,listen
乱丢杂物,v.,litter
垃圾,n.,litter
小的，少的,a.,"little (less, least)"
生活；居住；活着,vi.,live
以…为主食，靠…为生,,live on
活泼的；充满生气的,a.,lively
地方的；当地的，本地的；局部的；褊狭的,adj.,local
慢车；本地居民（律师、教士、医生）；住处附近的当地酒店；本地新闻, n.,local
锁,n.,lock
锁，锁上,vt.,lock
伦敦,n.,London
孤独的，寂寞的,a.,lonely
长的，远,a.,long
看，瞧,n.,look
看，观看,v,look
看起来,link.v,look
照顾,,look after
向前看，展望未来,,look ahead
看不起，轻视,,look down upon/on
寻找,,look for
盼望,,look forward to
向…里面看去；调查,,look into
留神，当心,,look out
看穿，浏览,,look through
查找,,look up
失去，丢失,v.,"lose(lost, lost)"
许多，好些,n.,lot
许多，大量,,lots of
l大声的,a.,loud
爱；热爱；很喜欢,n.&vt.,love
美好的；可爱的,a.,lovely
低；矮,a.& ad.,low
运气，好运,n.,luck
运气好，侥幸,a.,lucky
午餐，午饭,n.,lunch
机器,n.,machine
发疯的；生气的,a.,mad
杂志,n.,magazine
有魔力的,a.,magic
邮政,n.,mail
主要的,a.,main
制造，做；使得,vt.,"make(made, made)"
成年男人；人，人类,n.,man (pl.men)
管理；设法,v.,manage
经理,n.,manager
方式，方法，做法；态度，样子，举止；礼貌，规矩；风俗，习惯，惯例，生活方式,n.,manner
许多人(事),pron.,"many (more,most)"
许多的,a.,"many (more,most)"
地图,n.,map
三月,n.,March
标记；标明,n.&vt.,mark
市场，集市,n.,market
结婚；婚姻,n.,marriage
(使)成婚；结婚,v.,marry
精通；掌握,vt,master
主人；顾主,n.,,master
比赛；竞赛；火柴,n.,match
使相配；使配对,vt.,match
重要的；物质的，实质性的；肉体的,adj.,material
材料，原料；物资；布料,n.,material
数学,n.,math(s)
物质；原因；事件,n.,matter
有关系；要紧,vi.,matter
可以；也许，可能,modal.v,"may(might,-)"
五月,n.,May
可能，大概，也许,ad.,maybe
我(宾格),pron,me 
一餐(饭),n.,meal
意思是，意指,vt.,"mean(meant, meant)"
意思，含义,n.,meaning
 (猪、牛、羊等的)肉,n.,meat
医学的，医疗的,a.,medical
药,n.,medicine
遇见，见到,vt.,"meet(met, met)"
会；集会；会见；汇合点,n.,meeting
成员，会员,n.,member
回忆，记忆,n.,memory
修理，修补,v.,mend
提及，提到，记载,n.&vt,mention
菜单,n.,menu
混乱；食堂，伙食团；困境；脏乱的东西,n.,mess
弄乱，弄脏；毁坏；使就餐,vt.,mess
把事情弄糟；制造脏乱；玩弄,vi.,mess
消息，音信,n.,message
金属,n.,metal
金属制成的,a.,metal
方法；办法,n.,method
米，公尺,n.,metre （美meter）
中间；当中；中级,a.& n.,middle
可能，也许,model.v,might(may的过去式，助动词)
英里,n.,mile
牛奶,n.,milk
成百万上千万，数以百万计,,millions of
思想；想法,n.,mind
介意；关心,vt.,mind
我的(物主代词),pron,mine
分钟；一会儿，瞬间,n.,minute
镜子,n.,mirror
失去，错过，思念,vt.,miss
小姐，女士(称呼未婚妇女),n.,Miss
失踪的；缺少的,adj.,missing
错过（miss的ing形式）；想念；漏掉,v.,missing
弄错,vt.,mistake
错误,n.,"(mistook,mistaken)"
配制；混淆；使混和；使结交,vt.,mix
参与；相混合；交往,vi.,mix
混合；混合物；混乱,n.,mix
手机；行动电话,n.,mobile phone
模型，原形；范例；模范,n.,model
现代化的,a.,modern
片刻，瞬间,n.,moment
星期一,n.,Monday
钱；货币,n.,money
（班级内的）班长；纠察生监视器,n.,monitor
猴子,n.,monkey
月，月份,n.,month
月球；月光；月状物,n.,moon
另外的；附加的；较多的；另外；而且；更,a.&ad.,more(much或many的比较级)
更多的量；另外的一些,n.,more(much或many的比较级)
或多或少,,more or less
早晨，上午,n.,morning
最多,a.&ad,most(much或many的最高级)
母亲,n.,mother(mum)
摩托车,n.,motorcycle
山，山脉,n.,mountain
鼠，耗子；(计算机)鼠标,n.,mouse(pl. mice)
嘴，口,n.,mouth
移动，搬动，搬家,v.,move
(口语)电影,n.,movie
先生(用于姓名前),n.,Mr.（mister）
夫人，太太(称呼已婚妇女),n.,Mrs. (mistress)
女士(用在婚姻状况不明的女子姓名前),n.,Ms.
许多的，大量的,a.,"much (more,most)"
谋杀,vt.,murder
博物馆，博物院,n.,museum
音乐，乐曲,n.,music
音乐家,n.,musician
必须，应当；必定是,modalv.,"must(must,-)"
我的,pron.,my
我自己,pron.,myself
名字，姓名，名称,n.,name
国家的，全国性的，民族的,a.,national
自然的,a.,natural
自然，性质，种类,n.,nature
顽皮的，淘气的；不听话的；没规矩的；不适当的；下流的,adj.,naughty
近的,a.,near
将近，几乎,ad.,nearly
必需的，必要的,a.,necessary
颈，脖子,n.,neck
需要，需求,n.,need
需要，必须,modalv.&v.,need
邻居，邻人,n.,neighbour
,,(美neighbor)
(两者)都不；也不,a.,neither
既不……也不……,,neither… nor…
紧张不安的,a.,nervous
决不，从来没有,ad.,never
新的；新鲜的,a.,new
新闻，消息,n.,news
报纸,n.,newspaper
最近的；紧挨着的，隔壁的；下一次,a.,next
随后，然后，下一步,ad.,next
紧接着相邻，次于,,next to
令人愉快的；好的，漂亮的,a.,nice
夜；夜间,n.,night
九,num.,nine
十九,num.,nineteen
九十,num.,ninety
第九,num.,ninth
不，不是,ad.,no
没有，无，不,a.,no
没有人，谁也不,pron.,nobody
点头,vi.,nod 
声音，噪声，喧闹声,n.,noise
嘈杂的；喧闹的；聒噪的,adj.,noisy
响声；嘈杂声,n.,noisy
不再,,no longer
无任何东西或人，无一人,pron.,none
面条,n.,noodle
中午，正午,n.,noon
也不,conj.,nor
正常的（状态）,n.&a.,normal
北的；朝北的；从北来的,a.,north
北；北方；北部,n.,north
北方的，北部的,a.,northern
鼻,n.,nose
不，没,ad.,not
不再,,not …any more
"一点也不,绝非",,not…at all
不仅……而且…,,not only…but also…
不像……；不如……,,not so…as
直到……才……,,not till / until…
便条；笔记，注释；钞票；纸币；音符；音调,n.,note
记下；记录；注意；留意,vt.,note
笔记簿,n.,notebook
没有东西，没有什么,pron.,nothing
布告，通告；注意,n.,notice
注意，注意到,vt.,notice
十一月,n.,November
现在,ad.,now
时而; 偶尔,,now and then
数，数字，号码；数量,n.,number
护士；保育员,n.,nurse
物，物体；宾语,n.,object
明显的；显著的；平淡无奇的,adj.,obvious
…点钟（等于of the clock）,abbr.,o’clock
海洋,n.,ocean
十月,n.,October
(表示所属、数量，其中)……的,prep,of
当然,,of course
离开，脱离，(走)开,prep.,off
离开；(电，自来水)停了，中断,ad.,off
提供，建议,vt& n.,offer
办公室．,n.,office
军官；公务员；官员；警官,n.,officer
经常，常常,ad.,often
油,n.,oil
(口语)好，对，不错,ad.,OK
老的，旧的,a.,old
奥林匹克运动会,n.,Olympics
在……上面；关于,prep.,on
值日；值班,,on duty 
走路，步行,,on foot
在展出,,on show
准时,,on time
通过收音机,,on/over the radio
一次，   一度，从前；,n.&ad.,once
一旦,conj.,once
再一次,,once again
再一次,,once more
从前；很久以前,,once upon a time
一(个，只……),num.,one
一,pron.,one
"一个接一个,连续地",,one after another
自己，自身,pron.,oneself
联机的；在线的,adj.,online
在线地,adv.,online
仅仅，只，才,ad.,only
开着的，开口的,a.,open
开，打开,vt.,open
运转；动手术；起作用,vi.,operate
操作；经营；引起；对…开刀,vt.,operate
手术；操作,n.,operation
意见；主张,n.,opinion
时机，机会,n.,opportunity
相反的；对面的；对立的,adj.,opposite
对立面；反义词,n.,opposite
在…的对面,prep.,opposite
在对面,adv.,opposite
或，就是，否则,conj.,or
橘子，橙子，橘子汁,n.,orange
橙色的,a.,orange
定购，订货；点菜,vt,order
顺序,n..,order
组织；使有系统化；给予生机；组织成立工会等,vt.,organize
组织起来；成立组织,vi.,organize
别人，别的东西,pron.,other
别的，另外的,a.,other
应该,,ought to
我们的,pron,our
我们的,pron,ours
我们自己,pron,ourselves
外出，在外；向外；熄,ad.,out
上气不接下气,,out of breath
失业,,out of work
外面,n.,outside
在外面,ad.,outside
在……外面,prep,outside
在……上方；越过；遍及,prep,over
"翻到,遍布；越过；结束",ad.,over
反复，多次重复,,over and over again
大衣,n.,overcoat
自己的,a.,own
拥有，所有,v.,own
物主，所有人,n.,owner
太平洋的,a.,Pacific
一包；一袋；一盒,n.,package
页，页码,n.,page
疼痛；努力,n.,pain
使…痛苦；使…烦恼,vt.,pain
感到疼痛；引起疼痛,vi.,pain
油漆,n.,paint
一双，一对,n.,pair
宫，宫殿,n.,palace
苍白的；灰白的,a.,pale
薄煎饼,n.,pancake
熊猫,n.,panda
纸；报纸,n.,paper
经过,,pass by
段落；短评；段落符号,n.,paragraph
原谅，宽恕，对不起,n.,pardon
父(母)，双亲,n.,parent
公园,n.,park
停放（汽车）,vt.,park
部分；成分；角色；部件；零件,n.,part
配偶；伴侣；合伙人,n.,partner
聚会，晚会；党派,n.,party
传，递；经过；通过,vt.,pass
一节；一段；地道；走廊,n.,passage
乘客，旅客,n.,passenger
护照,n.,passport
过,ad.,past
过去，昔日，往事,n.,past
过……，走过某处,prep.,past
小道，小径,n.,path
病人,n.,patient
耐心的,a.,patient
付钱，给……报酬,v.,"pay(paid, paid)"
注意,,pay attention to
偿还（借款等）,,pay back
付……钱; 买,,pay for
体育课；体育教育,n.,PE
和平,n.,peace
梨子，梨树,n.,pear
钢笔，笔,n.,pen
铅笔,n.,pencil
（英）便士；美分,n.,penny (pl.pence)
人，人们；人民,n.,people
百分之……,n.,percent
完美的，及好的,a.,perfect
执行；完成；演奏,vt.,perform
执行，机器运转；表演,vi.,perform
可能，或许,ad.,perhaps
定期，时代,n.,period
人,n.,person
个人的，私人的,a.,personal
宠物，爱畜,n.,pet
打电话,v.,phone =telephone
电话，电话机,n.,phone =telephone
照片,n.,photo=photograph
物理(学),n.,physics
钢琴,n.,piano
拾起，采集；挑选,v.,pick
挑选出,,pick out
拾起,,pick up
野餐,n.,picnic
图片，画片，照片,n.,picture
甜馅饼,n.,pie
一块(片，张，件……),n.,piece
猪,n.,pig
飞行员,n.,pilot
乒乓球,n.,ping-pong
粉红色的,a.,pink
先锋，开拓者,n.,pioneer
怜悯，同情,n.,pity
地方，处所,n.,place
放置，安置，安排,v.,place
家常的；普通的,a.,plain
计划，打算,n.&v.,plan
飞机,n.,plane
行星,n.,planet
种植，播种,vt.,plant
植物,n.,plant
塑料,n.,plastic
塑料的,a.,plastic
板；片；牌；盘子；盆子,n.,plate
玩；打(球)；游戏；播放,v.,play
运动员，比赛者；游戏者，做游戏的人；演奏者，表演者；演员；播放器,n.,player
操场，运动场,n.,playground
令人愉快的，舒适的,a.,pleasant
请；使人高兴，使人满意,v.,please
高兴，愉快,n.,pleasure
充足，大量,n.,plenty
 (衣服的)口袋,n.,pocket
诗,n.,poem
指，指向,v.,point
点；分数,n.,point
指出,,point out 
指向,,point to
警察，警务人员,n.,police
警察；巡警；,n.,policeman
,,(pl. policemen)
女警察；女巡警；,n.,policewoman
,,(pl.policewomen)
政策；方针,n.,policy
有礼貌的；有教养的,a.,polite
污染；玷污；败坏,v.,pollute
污染；污染物,n.,pollution
池塘,n.,pond
水塘，水池,n.,pool
贫穷的；可怜的；不好的，差的,a.,poor
(口语)(音乐、艺术等)大众的，通俗的,a.,pop=popular
(音乐、艺术等)大众的，通俗的,a.,popular(pop)
人口，人数,n.,population
猪肉,n.,pork
位置,n.,position
可能的,a. ,possible
投寄；邮寄,v.,post
明信片,n.,postcard
邮递员,n.,postman
土豆，马铃薯,n.,potato
磅；英镑,n.,pound
功率；力量；能力；政权；势力；[数] 幂,n. ,power
激励；供以动力；使…有力量,vt.,power
练习,n.,practice
练习；实践,v.,practise
,,(美 practice)
赞扬，表扬,n.&vt.,praise
预报，预言；预知,   v.,predict
更喜欢；宁愿；提出；提升,v.,prefer
准备；预备；调制；配制,vt.,prepare
礼物，赠品,n.,present
总统；主席,n.,president
漂亮的，俊俏的,a.,pretty
阻止；防止；预防,vt.,prevent
妨碍；防止；预防,,prevent…from…
价格，价钱,n.,price
自豪；骄傲,n.,pride
初等的，初级的,a.,primary
印刷,vt.,print
监狱,n.,prison
囚犯,n.,prisoner
私人的,a.,private
奖赏，奖品,n.,prize
很可能，大概,ad.,probably
问题，难题,n.,problem
处理；加工；列队前进,v.,process
过程，进行；方法，步骤；作用；程序；推移,n.,process
经过特殊加工（或处理）的,adj.,process
生产；制造,vt.,produce
产品；结果；作品,n.,product
节目；项目,n.,programme
,,(美program)
进步；上进,n.,progress
进展,vt.,progress
设计；计划；表达；投射；发射；放映,v. ,project
工程；计划；事业,n.,project
答应；允许,n.&vi,promise
发音,vt,pronounce
发音,n.,pronunciation
恰当的，合适的,a.,proper
保护,vt,protect
自豪的；骄傲的,a.,proud
证明,vt,prove
提供,vt,provide
公共的；公众的,a.,public
公众,n.,public
拉，拖,v.,pull
拉力，引力,n.,pull
惩罚；处罚,vt,punish
(小)学生,n.,pupil
紫色,n.,purple
紫色的,a.,purple
钱包,n.,purse
目的；用途；意志,n. ,purpose
决心；企图；打算,vt.,purpose
推,n.&v.,push
放，摆,v.,"put(put, put)"
储存,,put away
记下,,put down
延迟；推迟,,put off
发福；增加体重,,put on weight
穿；戴上；上演,,put on
扑灭；关熄,,put out
举起；挂起，贴（广告等）,,put up
四分之一，一刻钟,n.,quarter
皇后；女皇,n.,queen
问题,n.,question
快的，敏捷的,a.,quick
快地，敏捷地,ad.,quick
安静的，寂静的,a.,quiet
完全，十分,ad.,quite
兔，家兔,n.,rabbit
种族，民族；赛跑，竞赛,n.,race
无线电，收音机,n.,radio
铁路；铁道,n.,railway
雨，雨水,n.,rain
下雨,vi.,rain
雨衣,n.,raincoat
下雨的；多雨的,a.,rainy
使升高；饲养,vt.,raise
快的，迅速的,a.,rapid
老鼠,n.,rat
相当，宁可,ad.,rather
而不；非,,rather than 
到达，伸手(脚等)够到,v.,reach
读；朗读,v.,"read(read, read)"
准备好的,a.,ready
真实的，确实的,a.,real
实际上，事实上；真正地，真实地；,ad.,really
认识到，实现,vt.,realise (美realize)
理由；理性；动机,n.,reason
推论；劝说,v.,reason
收到，得到,v.,receive
近来的，最近的,a.,recent
最近；新近,   ad.,recently
认出；承认，认可；识别,vt.,recognise(美recognize)
背诵,v.,recite
记录；唱片,n.,record
录音机,n.,recorder
红色,n.,red
红色的,a.,red
参考；涉及；提到；查阅；委托；归诸于；使…求助于,v.,refer
提到；涉及；有关,,refer to
拒绝，不愿,vt,refuse
把……看作,v.,regard
把……看作,,regard as
可惜；遗憾；痛惜；哀悼,n.&vt,regret
叙述；使…有联系涉及；认同；符合；与…有某种联系,v.,relate
关系；亲属,n.,relation
关系；关联,n.,relationship
相对的；有关系的；成比例的,adj. ,relative
亲戚；相关物；,n.,relative
(使)放松，轻松,v.,relax
余下；留下,vt.,remain
保持；仍是,vi.,remain
记得，想起,v.,remember
提醒；使想起,v.,remind
修理；修补,n.&v.,repair
重说；重做,vt.,repeat
回答，答复,n.,reply
报道，报告,n.&v.,report
需求；要求,vt.,require
研究；调查,n.,research
尊敬，尊重；方面；敬意,n. ,respect
尊敬，尊重；遵守,vt.,respect
负责的，可靠的；有责任的,adj.,responsible
休息；剩余的部分，其余的人(物)  ,n.,rest
休息，歇息,vi.,rest
饭馆，饭店,n.,restaurant
结果，效果,n.,result
重讲；重复；复述,vt.,retell
归还，回，归,v.,return
重新调查；回顾；复习,vt,return
复查；复习；评论,n.,review
稻米；米饭,n.,rice
富裕的；有钱的,a.,rich
谜(语),n.,riddle
骑(马、自行车)；乘车,v.,"ride(rode, ridden)"
权利,n.,right
对，正确的,a.,right
正确地，恰恰，完全地,ad.,right
右，右边的,a.,right
立即；马上,,right away
立即；马上,,right now
(钟、铃等)响；打电话,v.,"ring(rang, rung)"
电话，铃声；环形物(如环、圈、戒指等),n.,ring
回电话,,ring back
打电话给…,,ring up
上升，上涨,vi.,"rise (rose, risen)"
冒险；风险,n.,risk
江；河；水道；巨流,n.,river
路，道路,n.,road
机器人,n.,robot
岩石，大石头,n.,rock
角色,n.,role
房间，室；空间；地方,n.,room
绳；索,n.,rope
玫瑰花,n.,rose
转过来,ad.,round
环绕一周，围着,prep.,round
圆的；球形的,a.,round
(一)排；(一)打,n.,row
划船,v.,row
橡胶；合成橡胶,n.,rubber
垃圾；废物,n.,rubbish
规则，规定,n.,rule
统治；支配,vt.,rule
统治者；直尺,n.,ruler
跑，奔跑；(颜色)褪色,vi.,"run(ran, run)"
逃跑,,run away
用完,,run out of
冲，奔跑,vi.,rush
俄罗斯，俄国,n.,Russia
俄国人的，俄语的,a.,Russian
俄国人，俄语,n.,Russian
(使人)悲伤的,a.,sad
s安全的,a.,safe
保险柜,n.,safe
安全，保险,n.,safety
航行,n.,sail
航行；开航,v.,sail
色拉（西餐中的一种凉拌菜）；,n.,salad
卖；出售,n.,sale
盐,n.,salt
同样的事,n.,same
同样的，同一的,a.,same
沙，沙子,n.,sand
三明治(夹心面包片),n.,sandwich
星期六,n.,Saturday
香肠；腊肠,n.,sausage
令人满意；令人满足；说服，使相信；使满意,   v.,satisfy
救，挽救，节省,vt.,save
挽救某人生命,,save one’s life
说，讲,vt.,"say(said, said)"
领巾；围巾,n.,scarf
学校,n.,school
书包,n.,schoolbag
科学，自然科学,n.,science
科学家,n.,scientist
剪刀,n. ,scissors
得分；分数,n.&v.,score
幕，荧光屏,n.,screen
海，海洋,n.,sea
搜寻，搜查,n.&v.,search
季；季节,n.,season
座位，座,n.,seat
秒,n.,second
第二,num.,second
第二的,a.,second
秘密，内情,a.,secret
秘书；书记,n.,secretary
"看见,看到；领会；拜会",vt.,"see(saw, seen)"
为…送行,,see…off
似乎，好像,v.,seem
很少，不常,ad.,seldom
卖，售,v.,"sell (sold, sold)"
售完,,sell out
打发，派遣；送，邮寄,v.,"send(sent,sent)"
派人去叫,,send for
发出；派遣,,send out
发出；射出,,send up
感觉；意识,n.,sense
句子,n.,sentence
使分开；使分离,v.,separate
单独的；分开的,a.,separate
分开,,separate from
九月,n.,September
严肃的，严重的；认真的,a.,serious
仆人，佣人,n.,servant
招待(顾客等)，服,vt.,serve
服务,n.,service
释放，安置，设置(布景，背景)  ,vt.,"set(set, set)"
释放；解放,,set free
动身；启程；使爆发,,set off
出发；开始,,set out
七,num.,seven
十七,num.,seventeen
第七,num.,seventh
七十,num.,seventy
几个，数个口,pron.,several
（使）摇动，震动,v.,"shake(shook, shaken)"
（表示将来）将要；会,aux.v,"shall(should,-)"
遗憾的事；羞愧,n.,shame
形状，外形”,n.,shape
使成型，制造，塑造,v.,shape
分享；共同使用,vt.,share
她,pron,she
(绵)羊；羊皮；驯服者,n.,sheep (pl.sheep)
架子；搁板；格层；礁；陆架,n.,shelf (pl. shelves)
发光；照耀；出众；擦亮,v.,"shine(shone, shone)"
船，,n.,ship
轮船用船装运, vi．,ship
男衬衫,n.,shirt
鞋,n.,shoe
买东西,vi.,shop
商店；车间,n.,shop
短的；矮的,a.,short
短裤；运动短裤,n.,shorts
应当；应该；会,modal.vaux.v,should
肩膀；（道路的）路肩,n.,shoulder
喊，高声呼喊,n.&v.,shout
展示；展览（会）；演出,n.,show
给…看；出示；显示,v,"show (showed, shown)"
炫耀,,show off 
阵雨；淋浴,n.,shower
关上，封闭；禁闭,v.,"shut(shut, shut)"
害羞的,a.,shy
有病的，患病的；(想)呕吐,a.,sick
边，旁边，面，侧面,n.,side
肩并肩，一起,,side by side 
情景；风景；视力,n.,sight
标志；符号,n.,sign
安静；沉默,n.,silence
无声的；无对话的,a.,silent
(蚕)丝，丝织品,n.,silk
傻的；愚蠢的,a.,silly
银,n.,silver
相似的；像,a.,similar
简单的；简易的,a.,simple
从那时以来,ad.,since
从……以来，……以后，由于,conj.,since
从……以来,prep.,since
唱，唱歌,v.,"sing(sang, sung)"
单一的，单个的,a.,single
先生；阁下,n.,sir
姐；妹,n.,sister
坐,vi.,"sit(sat, sat)"
形势，情况．,n.,situation
六,num.,six
十六,num.,sixteen
第六,num.,sixth
六十,num.,sixty
尺寸，大小,n.,size
溜冰，滑冰,vi.,skate
技能，技巧,n.,skill
女裙,n.,skirt
天；天空,n.,sky
睡觉,vi,"sleep(slept, slept)"
睡觉,n.,sleep
想睡的；困倦的；瞌睡的,a.,sleepy
慢慢地，缓慢地,ad.,slow/slowly
小的，少的,a.,small
灵巧的；伶俐的；（人、服装等）时髦的；帅的,a.,smart
嗅，闻到；发气味,v.,"smell (-ed,-ed或smelt, smelt)"
气味,n.,smell
微笑,n.& n..,smile
烟,n.,smoke
冒烟；吸烟,v.,smoke
光滑的；平坦的,a.,smooth
蛇,n.,snake
雪,n.,snow
下雪,v.,snow
雪(白)的；下雪的；多(积)雪的,a,snowy
如此，这么，非常；同样,ad.,so
因此，所以,conj.,so
以便，为的是,,so as to
肥皂,n.,soap
社会的；社交的,a.,social
社会,n.,society
短袜,n.,socks
（长）沙发,a.,sofa
(表示程度，范围)就……，尽……,,so far as 
到目前为止,,so far 
软的；柔软的,a.,soft
士兵，战士,n.,soldier
结实的；固体的,a.,solid
固体,n.,solid
只要,,so long as 
解决；解释；偿还,v.,solve 
一些，若干；有些；某一,a.,some
若干，一些,pron.,some
某人；有人；有名气的人,pron.,somebody
某一个人,pron.,someone
某事；某物,pron.,something
有时,ad.,sometimes
在某处,ad.,somewhere
儿子,n.,son
歌唱；歌曲,n.,song
不久，很快，一会儿,ad.,soon
迟早；早晚,,sooner or later 
对不起，抱歉；难过的,a.,sorry
把……分类，拣选,vt,sort
种类，类别,n.,sort
太……以至于……,,so…that 
听起来；发出声音,vi.,sound
声音,n.,sound
汤,n.,soup
酸的,a.,sour
南(方)的；向南的；从南来的,a.,south
南；南方；南风；南部,n.,south
南部的，南方的,a.,southern
空间,n.,space
节约，节省,vt.&n.&vi,spare
多余的,a.,spare
说，讲；谈话；发言,v.,"speak (spoke, spoken)"
演讲人，演说家,n.,speaker
特别的，专门的,a.,special
演讲,n.,speech
速度,n.,speed
(使)加速,v.,"speed(sped, sped)"
加快速度,,speed up  
拼写,v.,"spell (-ed,-ed或spelt,spelt)"
度过；花费(钱、时间等),v.,"spend(spent, spent)"
在……花钱,,spend …on  
精神,n.,spirit
匙，调羹,n.,spoon
"体育运动,锻炼；运动会",n.,sport(英p1．)
延伸；展开,v.,"spread (spread, spread)"
春天，春季,n.,spring
广场,n.,square
楼梯,n.,stairs
邮票,n.,stamp
站；立；起立；坐落；忍受,v.,"stand(stood, stood)"
代表,,stand for 
标准（的）,n.&a.,standard
星，恒星,n.,star
开始，着手；出发,v.,start
状态；情形；国家，(美国的)州,n.,state
站，所，车站；电台,n.,station
停留，逗留，呆,n.&vi.,stay
偷；窃取,vt.,"steal(stole, stolen)"
汽；水蒸气,n.,steam
钢，钢铁,n.,steel
脚步，台阶，梯级,n.,step
走；跨步,vi.,step
粘住，钉住；坚持,vi,"stick(stuck, stuck)"
木棒(棍)，枝条,n.,stick
仍然，还,ad.,still
胃，胃部,n.,stomach
胃疼；肚子疼,n.,stomachache
石头，石料,n.,stone
忍．停；(停车)站”,n.,stop
停，停止，阻止,v.,stop
停止做某事（不再做……）,,stop doing sth. 
停下来做某事（开始做……）,,stop to do sth. 
商店,n.,store
储藏，存储,vt.,store
风暴，暴(风)雨,n.,storm
故事，小说,n.,story
直的；坦率的,a.&ad,straight
奇怪的，奇特的，陌生的,a.,strange
陌生人，外人,n.,stranger
草莓,n.,strawberry
小河；溪流,n.,stream
街，街道,n.,street
压力（给…压力）,vt.&n.,stress
严格的，严密的,a.,strict
强(壮)的；坚固的；强烈的；坚强的,a.,strong
学生,n.,student
学习；研究,v.,study
书房,n.,study
愚蠢的，笨的,a.,stupid
风格,n.,style
题目；主题；学科；主语,n.,subject
成功,vi.,succeed
成功,n.,success
成功的，有成就的,a.,successful
那么,ad.,such
(泛指)人，事物,pron.,such
这样的，那样的,a.,such
例如,,such as 
突然的,a.,sudden
糖,n.,sugar
建议，提议,vt.,suggest
建议,n.,suggestion
夏天，夏季,n.,summer
太阳，阳光,n.,sun 
星期日,n.,Sunday
晴朗的；阳光充足的,a.,sunny
超级市场,n.,supermarket
晚餐，晚饭,n.,supper
供给，供应,vt.&n.,supply
支持，支撑,vt.&n.,support
猜想，假定，料想,vt.,suppose
确信，肯定口,a.,sure
(口语)的确，一定，当然,ad.,sure
表面,n.,surface
使惊奇，使诧异,vt.,surprise
惊奇，诧异,n.,surprise
调查，测量,vt.&n.,survey
厚运动衫，毛衣,n.,sweater
扫除，扫,v.,"sweep(swept, swept)"
甜食；蜜饯；甜点；糖果；芳香,n.,sweet
甜的；新鲜的；可爱的；亲切的,a.,sweet
游泳，游,vi.,"swim(swam, swum)"
游泳,n.,swimming
秋千；摆动；挥动,n.,swing
摇摆；荡向,v.,swing
象征，标志；符号,n.,symbol
系统；制度；身体,n.,system
桌子，表格,n.,table
乒乓球,n.,table tennis
（动物的）尾巴,n.,tail
拿；拿走；做；服用；乘坐；花费,vt.,"take(took, taken)"
拿走,,take away 
别着急；别紧张,,take it easy 
脱下；起飞,,take off 
从容；慢慢行动,,take one’s time
取出,,take out
发生,,take place
取代，代替,,take the place of
占去，占据（时间、地位等）,,take up
天资；人才,n.,talent
故事，传说,n.,tale
谈话，讲话，演讲；交谈,n.&v.,talk
谈论；议论,,talk about 
谈论，议论,,talk of
高的,a.,tall
磁带；录音带,n.,tape
任务，工作,n.,task
品尝，尝味；味道,n.,taste
品尝，尝味,vt.,taste
出租汽车,n.,taxi
茶；茶叶,n.,tea
教书，教,v.,"teach(taught, taught)"
教师，教员,n.,teacher
队，组,n.,team 
技术,n.,technology
青少年,n.,teenager(=teen)
打电话,v.,telephone
电话,n.,telephone
电视；电视机,n.,television=TV
告诉；讲述；吩咐,vt.,"tell(told, told)"
温度,n.,temperature
十,num.,ten
网球,n.,tennis
第十,num.,tenth
帐篷,n.,tent
学期；术语；条款；项,n.,term
可怕的；糟糕的,a.,terrible
测试，考查，试验,vi.&n.,test
文本，课文,n.,text
比,conj.,than
感谢，致谢，道谢,vt.,thank
感谢，谢意,n.(pl.),thanks
那，那个,a.&pron.,that
那，那个(引导宾语从句等),conj.,that
这(那)个，这(那)些(用于特定人或物、序数词、最高级、专有名词，世上独一无二事物前),art.,the
后天,,the day after tomorrow 
前天,,the day before yesterday
越……就越……,,the more… the more
前几天；某日,,the other day
剧场，戏院,n.,theatre(美theatre)
他(或她、它)们的,pron.,their
他们的,pron.,theirs
他／她／它们(宾格),pron.,them
他／她／它们自己,pron.,themselves
当时，那时；然后；那么(通常用于句首或句尾),ad.,then
那!你瞧(表示引起注意)  ,int.,there
那里，那儿,n.,there
在那里，往那里；(作引导词)表示“存在”,ad.,there
这些,a.&pron.,these
他(她)们；它们；人们,pron.,they
厚的,a.,thick
薄的；瘦的；稀的,a.,thin
东西；(pl．)物品，用品；事情，事件,n.,thing
想；认为；考虑,v.,"think(thought, thought)"
考虑（是否去做）,,think about
想起；考虑；认为；看法,,think of 
第三,num.,third
渴的,a.,thirsty
十三,num.,thirteen
三十,num.,thirty
这，这个,a.& pron.,this
那些,a.& pron.,those
虽然，可是,conj.,though
思考，思想；念头,n.,thought
千,num.,thousand
成千上万；几千,,thousands of
线,n.,thread
three n／zm．三,num.,three
穿(通)过；从始至终,prep.,through
穿(通)过；自始至终，全部,ad.,through
投，掷，扔,v.,"throw(threw, thrown)"
扔掉,,throw away 
星期四,n.,Thursday
票；卷,n.,ticket
整洁的，干净的,a.,tidy
 (用绳，线)系，拴，扎,vt.,tie
领带，绳子，结；关系,n.,tie
老虎,n.,tiger
直到，直到……为止,conj.,till
时间；时期；钟点；次，回,n.,time
极小的，微小的,a.,tiny
疲劳的，累的,a.,tired
冠军；标题；头衔；权利；字幕；加标题于；赋予头衔；把…称为；冠军的；标题的；头衔的,n. &v.&a.,title
 (动词不定式符号，无词义)；(表示接受动作的人或物)给；对，向，到；在……之前,prep.,to
今天；现在，当前,ad.&n.,today
一起，共同,ad.,together
厕所,n.,toilet
西红柿，番茄,n.,tomato
明天,ad.&n.,tomorrow
(重量单位) 吨,n.,ton
舌，舌头,n.,tongue
今晚，今夜,ad.&n.,tonight
也，还；又；太，过分；很，非常,ad.,too
太……以至于不……,,too…to…
工具，器具,n.,tool
牙齿,n.,tooth (pl. teeth)
牙痛,n.,toothache
牙刷,n.,toothbrush
牙膏,n.,toothpaste
顶部，(物体的)上面,n.,top
主题；题目；一般规则；总论,n.,topic
总数的；总括的；完全的，全然的,a.,total
合计，总计,n.,total
触摸，接触,vt.&n.,touch
参观，观光，旅行,n./v,tour
旅行者，观光者,n.,tourist
向，朝，对于,prep.,toward(s)
毛巾,n.,towel
塔；要害地；楼塔,n.,tower
高耸；远远高于，远超过,v.,tower
城镇；城,n.,town
玩具；玩物,n.,toy
贸易,n.,trade
传统的,a.,traditional
交通，来往车辆,n.,traffic
火车,n.,train
培训，训练,v.,train
培训,n.,training
翻译,vt.,translate
旅行,n.&vi.,travel
金银财宝；财富,n.,treasure
治疗；对待；探讨；视为；请客；协商；款待,v.&n.,treat
治疗，疗法,n.,treatment
树,n.,tree
旅行，旅程,n.,trip
使苦恼，使忧虑，使麻烦,vt.,trouble
问题，疾病，烦恼，麻烦,n.,trouble
裤子，长裤,n.,trousers
卡车，运货车；车皮,n.,truck
真的，真实的；忠诚的,a.,1
相信，信任，信赖,vt.,trust
真理，事实，真相，实际情况,n.,truth
试，试图，努力,v.,try
试穿；试试看,,try on 
试验,,try out 
关小；调低,,turn down
关掉（水、电视、收音机等）,,turn off
打开（水、电视、收音机等）,,turn on
翻动；梨翻（土地）,,turn over
到达；来到；开大（声音等）,,turn up
T恤衫,n.,T-shirt
星期二,n.,Tuesday
旋转，翻转，转变，转弯,v.,turn
轮流，(轮流的)顺序,n.,turn
第十二,num.,twelfth
十二,num.,twelve
第二十,num.,twentieth
二十,num.,twenty
两次；两倍,ad.,twice
二,num.,two
典型的；特有的；有象征的,a.,typical
丑陋的；难看的,a.,ugly
联合王国；英国,abbr. &n.,UK
雨伞,n.,umbrella
叔；伯；舅；姑夫；姨父,n.,uncle
在……下面，向……下面,prep.,under
地下的,a.,underground
地铁,n.,underground
强调；在…下面划线；预告；下划线；下期节目预告,v. &n.,underline
懂得；明白；理解,v.,understand
,,"(understood, ~)"
单元，单位,n.,unit
大学,n.,university
如果不；除非,conj.,unless
直到……为止,prep.&,until(till)
向上；在上方；起来；在……以上,ad.,up
向(高处)；向(在)……上(面)游,prep.,up
上下，来回,,up and down 
在……上面,prep.,upon
使心烦；颠覆；扰乱；翻到；心烦的；混乱的；弄翻的；混乱；颠倒,v. &a. &n.,upset
在楼上，到楼上,ad.,upstairs
我们(宾格),pron.,us
美国（United States）,abbr.,US
利用，使用，应用,n.&vt.,use
用过的,a.,used
过去常常,,used to do sth.
习惯于,,used to sth
有用的，有益的,a.,useful
无用的,a.,useless
通常的，平常的,a.,usual
通常，经常,ad. ,usually
假期，休假,n.,vacation
有价值的；贵重的；可估价的；贵重物品,a. &n. ,valuable
价值，益处,n.,value
各种各样的；多方面的,adj. ,various
蔬菜,n.,vegetable
运输工具，车辆,n.,vehicle
很，非常,ad.,very
胜利,n.,victory
录像，视频,n.,video
村庄，乡村,n.,village
小提琴,n.,violin
参观，访问，拜访,n.&vt.,visit
访问者，参观者,n.,visitor
说话声；语态,n.,voice
排球,n.,volleyball
志愿者；志愿兵；志愿的；自愿；自愿,n. /a./v.,volunteer
等，等候,vi.,wait
等候，等待,,wait for 
醒，醒来，叫醒,v.,"wake(woke, woken)"
醒来,,wake up
步行，散步,v.&n.,walk
墙,n.,wall
钱包，皮夹,n. ,wallet
想，想要，需要，必要,v.,want
战争,n.,war
暖和的，温暖的，热情的,a.,warm
警告，预先通知,vt.,warn
洗(涤)，冲洗,v.,wash
浪费,n.&vt.,waste
观看，注视；当心，注意,vt.,watch
手表，表,n.,watch
水,n.,water
西瓜,n.,watermelon
路，路线，方式，手段,n.,way
我们,pron.,we
差的，弱的，淡的,a.,weak
财产，财富,n.,wealth
穿，戴,v.,"wear(wore, worn)"
天气,n.,weather
(互联网)网站,n.,website
星期三,n.,Wednesday
星期，周,n.,week
平日,n.,weekday
周末,n.,weekend
称……的重量，重(若干),vt.,weigh
重，重量,n.,weight
欢迎,int.n.&v.,welcome
受欢迎的,a.,welcome
好,ad.,"well(better, best)"
好的，健康的,a.,well
表示惊讶、同意,int.,well
(在)西的，向西的，从西来的,a.,west
西部，西方,n.,west
西方的，西部的,a.,western
湿的，潮的，多雨的,a.,wet
鲸,n.,whale
什么，怎么样,pron.,what
多么，何等，什么,a.,what
无论什么，不管什么,conj.&,whatever
小麦,n.,wheat
轮，机轮,n.,wheel
当……的时候,conj.,when
什么时候，何时,ad.,when
每当，无论何时,conj.,whenever
在哪里，往哪里,ad.,where
是否,conj.,whether
那（哪）个；那（哪）一些,pron.,which
这（哪）个；这（哪）些,a.,which
在……的时候，和……同时,conj.,while
一会儿，一段时间,n.while
白色的,a.,white
白色,n.,white
谁,pron.,who
整个的；全部的,a.,whole
(who)的宾格,pron.,whom
谁的,pron.,whose
为什么,ad.&int.,why
宽阔的,a.,wide
妻子,n.,wife
野生的；野蛮的；狂热的；荒凉的；荒野；疯狂地；胡乱地,a.& n.& ad.,wild
将，会(表示将来)，愿意，要,modal v.,"will (would,-)"
获胜，赢得,v.,"win(won, won)"
风,n.,wind
窗户,n.,window
有风的，多风的,a.,windy
酒,n.,wine
翅膀,n.,wing
获胜者,n.,winner
冬天，冬季,n.,winter
聪明的，英明的，有见识的,a.,wise
愿望，祝愿,n.,wish
希望，想要，祝愿,vt.,wish
关于，带有，以，和，用，有,prep.,with
没有,prep.,without
狼,n.,wolf(pl. wolves)
妇女，女人,n.,woman(pl. women)
对……疑惑，感到惊奇，想知道,v.,wonder
美妙的，精彩的，了不起的，太好了,a.,wonderful
木头，木材,n.,wood
词，单词，话,n.,word
工作，劳动，事情”,n.,work
工作，(机器、器官等)运转，活动,v.,work
算出，解决,,work out 
工人，工作者,n.,worker
世界,n.,world
烦恼，担忧，发怒，困扰,v.,worry
担心，烦恼,,worry about
更坏的；更差的；更恶劣的；（病情）更重的；更糟；更坏；更恶劣地；更坏地；更坏的事；更恶劣的事,a.&ad&n..,worse
最差的，最坏的；最不利的；效能最低的,adj. ,worst
最坏；最坏的时候,n. ,worst
最坏地；最不利地,adv.,worst
有……的价值，值得……的,a.,worth
"将,会；打算；想要",modal.v.,would (will的过去时)
伤，伤害,vt.,wound
创伤，伤口,n.,wound
写，书写，写作，著述,v.,"write(wrote, written)"
写下，记下,,write down
写信给,,write to
作家；作者,n.,writer
错误的，不正常的，有毛病的,a.,wrong
X射线，x光,n.,X-ray
码；院子；场地,n.,yard
年,n.,year
黄色,n.,yellow
黄色的,a.,yellow
是，好，同意,ad.,yes
昨天,n.&ad.,yesterday
尚，还，仍然,ad.,yet
你；你们,pron.,you
年轻的,a.,young
你的；你们的,pron.,your
你的；你们的(名词性物主代词),pron.,yours
你自己,pron.,yourself(pl. yourselves)
班马,n.,zebra
零；零度；零点,n.&num.,zero
动物园,n.,zoo